{
    "metrics": {
        "vus_max": {
            "min": 10,
            "max": 10,
            "value": 10
        },
        "http_req_duration": {
            "min": 130.734,
            "med": 138.198,
            "max": 288.002,
            "p(90)": 146.0768,
            "p(95)": 159.363,
            "avg": 141.6137912178954
        },
        "http_reqs": {
            "count": 1207,
            "rate": 39.91097372889087
        },
        "http_req_duration{expected_response:true}": {
            "avg": 141.6137912178954,
            "min": 130.734,
            "med": 138.198,
            "max": 288.002,
            "p(90)": 146.0768,
            "p(95)": 159.363
        },
        "iterations": {
            "count": 1207,
            "rate": 39.91097372889087
        },
        "http_req_tls_handshaking": {
            "avg": 4.575633802816902,
            "min": 0,
            "med": 0,
            "max": 413.869,
            "p(90)": 0,
            "p(95)": 0
        },
        "http_req_blocked": {
            "min": 0,
            "med": 0,
            "max": 592.348,
            "p(90)": 0.001,
            "p(95)": 0.001,
            "avg": 7.287086992543582
        },
        "http_req_failed": {
            "passes": 0,
            "fails": 1207,
            "value": 0
        },
        "data_sent": {
            "count": 96542,
            "rate": 3192.2827056624546
        },
        "data_received": {
            "count": 1200648,
            "rate": 39700.936856375614
        },
        "iteration_duration": {
            "avg": 249.44790312510372,
            "min": 231.064087,
            "med": 238.741343,
            "max": 838.044478,
            "p(90)": 248.9802448,
            "p(95)": 280.0952722
        },
        "vus": {
            "min": 10,
            "max": 10,
            "value": 10
        },
        "http_req_connecting": {
            "avg": 2.3871300745650377,
            "min": 0,
            "med": 0,
            "max": 149.27,
            "p(90)": 0,
            "p(95)": 0
        },
        "http_req_waiting": {
            "avg": 141.41655509527754,
            "min": 130.586,
            "med": 138.065,
            "max": 287.9,
            "p(90)": 145.8766,
            "p(95)": 159.1132
        },
        "http_req_receiving": {
            "min": 0.027,
            "med": 0.074,
            "max": 41.567,
            "p(90)": 0.177,
            "p(95)": 0.274,
            "avg": 0.14042419221209607
        },
        "http_req_sending": {
            "p(95)": 0.079,
            "avg": 0.05681193040596513,
            "min": 0.016,
            "med": 0.045,
            "max": 3.405,
            "p(90)": 0.063
        }
    },
    "root_group": {
        "name": "",
        "path": "",
        "id": "d41d8cd98f00b204e9800998ecf8427e",
        "groups": {},
        "checks": {}
    }
}