{
    "root_group": {
        "name": "",
        "path": "",
        "id": "d41d8cd98f00b204e9800998ecf8427e",
        "groups": {},
        "checks": {}
    },
    "metrics": {
        "http_req_waiting": {
            "avg": 148.02355894826124,
            "min": 133.755,
            "med": 144.547,
            "max": 374.592,
            "p(90)": 157.912,
            "p(95)": 165.04919999999996
        },
        "data_sent": {
            "count": 59894,
            "rate": 1982.8906078310904
        },
        "http_req_duration{expected_response:true}": {
            "min": 133.916,
            "med": 144.881,
            "max": 376.208,
            "p(90)": 158.7404,
            "p(95)": 167.29369999999997,
            "avg": 148.40078117048336
        },
        "data_received": {
            "rate": 38873.78011042927,
            "count": 1174198
        },
        "iteration_duration": {
            "avg": 255.33868866581804,
            "min": 234.609875,
            "med": 246.182209,
            "max": 730.897125,
            "p(90)": 261.00726699999996,
            "p(95)": 273.45127979999995
        },
        "http_req_tls_handshaking": {
            "p(95)": 0,
            "avg": 2.7317599660729432,
            "min": 0,
            "med": 0,
            "max": 167.803,
            "p(90)": 0
        },
        "http_req_blocked": {
            "max": 451.864,
            "p(90)": 0.002,
            "p(95)": 0.002,
            "avg": 5.641269720101889,
            "min": 0,
            "med": 0.001
        },
        "http_reqs": {
            "count": 1179,
            "rate": 39.03275831690746
        },
        "vus": {
            "value": 10,
            "min": 10,
            "max": 10
        },
        "http_req_failed": {
            "passes": 0,
            "fails": 1179,
            "value": 0
        },
        "vus_max": {
            "value": 10,
            "min": 10,
            "max": 10
        },
        "http_req_connecting": {
            "avg": 2.8801882951653943,
            "min": 0,
            "med": 0,
            "max": 295.212,
            "p(90)": 0,
            "p(95)": 0
        },
        "http_req_sending": {
            "avg": 0.21252502120441044,
            "min": 0.009,
            "med": 0.075,
            "max": 30.816,
            "p(90)": 0.3308000000000001,
            "p(95)": 0.6094999999999997
        },
        "iterations": {
            "count": 1179,
            "rate": 39.03275831690746
        },
        "http_req_duration": {
            "avg": 148.40078117048336,
            "min": 133.916,
            "med": 144.881,
            "max": 376.208,
            "p(90)": 158.7404,
            "p(95)": 167.29369999999997
        },
        "http_req_receiving": {
            "p(90)": 0.276,
            "p(95)": 0.48469999999999963,
            "avg": 0.1646972010178116,
            "min": 0.007,
            "med": 0.065,
            "max": 6.465
        }
    }
}