{
    "root_group": {
        "groups": {},
        "checks": {},
        "name": "",
        "path": "",
        "id": "d41d8cd98f00b204e9800998ecf8427e"
    },
    "metrics": {
        "http_req_blocked": {
            "p(90)": 0.002,
            "p(95)": 0.002,
            "avg": 5.710190756302632,
            "min": 0,
            "med": 0.001,
            "max": 368.101
        },
        "http_req_duration": {
            "p(90)": 156.02069999999998,
            "p(95)": 162.31734999999998,
            "avg": 145.96212857142842,
            "min": 133.578,
            "med": 144.1105,
            "max": 203.668
        },
        "iterations": {
            "count": 1190,
            "rate": 39.4321662030681
        },
        "http_req_sending": {
            "med": 0.098,
            "max": 5.374,
            "p(90)": 0.4692,
            "p(95)": 0.7307999999999991,
            "avg": 0.2086865546218485,
            "min": 0.009
        },
        "data_sent": {
            "rate": 2002.4250450852146,
            "count": 60430
        },
        "vus": {
            "min": 10,
            "max": 10,
            "value": 10
        },
        "http_req_failed": {
            "passes": 0,
            "fails": 1190,
            "value": 0
        },
        "http_req_tls_handshaking": {
            "p(95)": 0,
            "avg": 2.8185302521008397,
            "min": 0,
            "med": 0,
            "max": 180.98,
            "p(90)": 0
        },
        "iteration_duration": {
            "med": 245.367875,
            "max": 621.873458,
            "p(90)": 259.7548711,
            "p(95)": 266.53200434999997,
            "avg": 252.979884173109,
            "min": 234.125459
        },
        "http_reqs": {
            "count": 1190,
            "rate": 39.4321662030681
        },
        "vus_max": {
            "value": 10,
            "min": 10,
            "max": 10
        },
        "http_req_connecting": {
            "max": 164.424,
            "p(90)": 0,
            "p(95)": 0,
            "avg": 2.5534512605042017,
            "min": 0,
            "med": 0
        },
        "data_received": {
            "count": 1184790,
            "rate": 39259.52621490173
        },
        "http_req_waiting": {
            "min": 133.201,
            "med": 143.799,
            "max": 203.047,
            "p(90)": 155.1501,
            "p(95)": 161.89455,
            "avg": 145.59572857142834
        },
        "http_req_duration{expected_response:true}": {
            "min": 133.578,
            "med": 144.1105,
            "max": 203.668,
            "p(90)": 156.02069999999998,
            "p(95)": 162.31734999999998,
            "avg": 145.96212857142842
        },
        "http_req_receiving": {
            "avg": 0.15771344537815127,
            "min": 0.006,
            "med": 0.068,
            "max": 9.937,
            "p(90)": 0.29410000000000003,
            "p(95)": 0.42509999999999987
        }
    }
}