{
    "root_group": {
        "checks": {},
        "name": "",
        "path": "",
        "id": "d41d8cd98f00b204e9800998ecf8427e",
        "groups": {}
    },
    "metrics": {
        "http_req_duration": {
            "avg": 140.59722029702985,
            "min": 132.16,
            "med": 137.3175,
            "max": 260.322,
            "p(90)": 143.6952,
            "p(95)": 150.46115000000003
        },
        "http_req_waiting": {
            "avg": 140.4559232673269,
            "min": 132.056,
            "med": 137.17649999999998,
            "max": 260.253,
            "p(90)": 143.5679,
            "p(95)": 150.14195000000004
        },
        "http_req_duration{expected_response:true}": {
            "avg": 140.59722029702985,
            "min": 132.16,
            "med": 137.3175,
            "max": 260.322,
            "p(90)": 143.6952,
            "p(95)": 150.46115000000003
        },
        "http_req_tls_handshaking": {
            "med": 0,
            "max": 416.774,
            "p(90)": 0,
            "p(95)": 0,
            "avg": 4.57730610561056,
            "min": 0
        },
        "iteration_duration": {
            "avg": 248.118247091584,
            "min": 232.819355,
            "med": 237.944364,
            "max": 807.607841,
            "p(90)": 244.619102,
            "p(95)": 258.8964534500001
        },
        "vus_max": {
            "value": 10,
            "min": 10,
            "max": 10
        },
        "http_reqs": {
            "count": 1212,
            "rate": 40.19141459652695
        },
        "http_req_connecting": {
            "avg": 2.365111386138614,
            "min": 0,
            "med": 0,
            "max": 150.13,
            "p(90)": 0,
            "p(95)": 0
        },
        "vus": {
            "value": 10,
            "min": 10,
            "max": 10
        },
        "http_req_receiving": {
            "p(95)": 0.23335000000000014,
            "avg": 0.09614851485148515,
            "min": 0.026,
            "med": 0.068,
            "max": 1.49,
            "p(90)": 0.158
        },
        "http_req_failed": {
            "passes": 0,
            "fails": 1212,
            "value": 0
        },
        "iterations": {
            "count": 1212,
            "rate": 40.19141459652695
        },
        "http_req_blocked": {
            "max": 560.017,
            "p(90)": 0.001,
            "p(95)": 0.001,
            "avg": 6.9685684818482665,
            "min": 0,
            "med": 0
        },
        "data_sent": {
            "rate": 3212.063366871941,
            "count": 96862
        },
        "data_received": {
            "rate": 39967.576272660146,
            "count": 1205250
        },
        "http_req_sending": {
            "min": 0.014,
            "med": 0.041,
            "max": 0.341,
            "p(90)": 0.06,
            "p(95)": 0.085,
            "avg": 0.045148514851485015
        }
    }
}